"_id",associates,skill
5ad28e586df2282346f90609,"{agile=0.7172413793103448, html=0.3724137931034483, javascript=0.22758620689655173, css=0.20689655172413793, sql=0.2, java=0.1793103448275862, jira=0.1793103448275862, excel=0.15172413793103448, go=0.13793103448275862, c#=0.12413793103448276}",kanban
5ad28e8c6df2282346f9060a,"{sql=1.0, excel=0.42857142857142855, sql server=0.2857142857142857, xml=0.14285714285714285, javascript=0.14285714285714285, agile=0.14285714285714285, confluence=0.14285714285714285, go=0.14285714285714285, vpn=0.14285714285714285, html=0.14285714285714285}",foxpro
5ad290226df240aed98e5eb3,"{java=0.8120805369127517, html=0.6040268456375839, linux=0.5234899328859061, sql=0.4966442953020134, javascript=0.4228187919463087, agile=0.3959731543624161, css=0.3422818791946309, spring=0.3422818791946309, windows=0.30201342281879195, oracle=0.28859060402684567}",tomcat
5ad290a66df240aed98e5eb4,"{javascript=0.7058823529411765, css=0.5686274509803921, html=0.5098039215686274, angular=0.49019607843137253, java=0.43137254901960786, agile=0.4117647058823529, sql=0.29411764705882354, php=0.21568627450980393, git=0.21568627450980393, python=0.17647058823529413}",react
5ad291206df240aed98e5eb5,"{css=0.0, stata=0.0, jackrabbit=0.0, theano=0.0, ios=0.0, ajax=0.0, java=0.0, ibm mq=0.0, travis ci=0.0, xml=0.0, XCTest=0.0}",ip security
5ad2919a6df240aed98e5eb6,"{css=1.0588235294117647, html=1.0588235294117647, javascript=0.7058823529411765, agile=0.35294117647058826, php=0.35294117647058826, react=0.3235294117647059, bootstrap=0.3235294117647059, sql=0.3235294117647059, git=0.3235294117647059, rest=0.3235294117647059}",sass
5ad2921e6df240aed98e5eb7,"{c#=0.6923076923076923, sql=0.6923076923076923, sql server=0.4423076923076923, javascript=0.36538461538461536, html=0.34615384615384615, windows=0.3269230769230769, css=0.2692307692307692, xml=0.2692307692307692, agile=0.2692307692307692, rest=0.25}",wcf
5ad2a6d86df21089572c28b9,"{linux=6.0, qt=5.0, agile=5.0, c++=5.0, unix=5.0, qnx=5.0, qml=4.0, git=2.0, windows=1.0, html=1.0}",gtk
5ad2a7856df21089572c28ba,"{sql=0.4594594594594595, agile=0.42342342342342343, aws=0.38738738738738737, java=0.3063063063063063, javascript=0.3063063063063063, windows=0.27927927927927926, sql server=0.26126126126126126, html=0.24324324324324326, c#=0.2072072072072072, css=0.16216216216216217}",azure
5ad2a8276df21089572c28bb,"{javascript=0.32, linux=0.31, sql=0.31, java=0.27, agile=0.27, html=0.2, git=0.18, windows=0.16, chef=0.16, css=0.14}",python
5ad2a8f46df21089572c28bd,"{tcp/ip=0.35714285714285715, linux=0.3333333333333333, windows=0.2857142857142857, html=0.23809523809523808, python=0.19047619047619047, dns=0.19047619047619047, java=0.16666666666666666, perl=0.14285714285714285, vpn=0.14285714285714285, unix=0.14285714285714285}",ip
5ad2a95a6df21089572c28be,"{tensorflow=0.7083333333333334, python=0.4583333333333333, big data=0.2916666666666667, opencv=0.2916666666666667, java=0.25, mxnet=0.25, theano=0.20833333333333334, go=0.16666666666666666, html=0.16666666666666666, spark=0.125}",caffe
5ad2b8d96df2ee82e429291f,"{windows=0.7528735632183908, dhcp=0.5229885057471264, linux=0.40229885057471265, tcp/ip=0.3045977011494253, sql=0.25862068965517243, ip=0.2413793103448276, html=0.2413793103448276, vpn=0.19540229885057472, python=0.16091954022988506, unix=0.14367816091954022}",dns
5ad2b9b96df2ee82e4292921,"{java=0.6785714285714286, agile=0.5357142857142857, scala=0.42857142857142855, aws=0.32142857142857145, spark=0.25, linux=0.25, html=0.25, big data=0.21428571428571427, azure=0.21428571428571427, jquery=0.21428571428571427}",akka
5ad2bac16df2ee82e4292923,"{sql=0.5666666666666667, excel=0.5333333333333333, tableau=0.4, etl=0.26666666666666666, teradata=0.23333333333333334, big data=0.2, sql server=0.2, html=0.2, css=0.16666666666666666, java=0.16666666666666666}",microstrategy
5ad2bb3c6df2ee82e4292924,"{javascript=0.72, html=0.7, css=0.62, agile=0.5, java=0.4, react=0.34, jquery=0.32, sql=0.32, c#=0.22, restful=0.2}",angular
5ad2dd5a6df2db045170f1f3,"{java=0.9533333333333334, spring=0.7466666666666667, html=0.7266666666666667, javascript=0.5733333333333334, hibernate=0.52, j2ee=0.44, agile=0.38666666666666666, jsp=0.38666666666666666, css=0.38, oracle=0.36666666666666664}",struts
5ad2ddc16df2db045170f1f4,"{java=0.6222222222222222, spark=0.5333333333333333, big data=0.5333333333333333, python=0.4444444444444444, sql=0.4, agile=0.3333333333333333, hive=0.3111111111111111, spring=0.26666666666666666, scala=0.24444444444444444, linux=0.2222222222222222}",kafka
5ad2de656df2db045170f1f6,"{big data=1.0, spark=0.7222222222222222, pig=0.5, sql=0.3888888888888889, java=0.3333333333333333, python=0.3333333333333333, kafka=0.3333333333333333, yarn=0.3333333333333333, etl=0.3333333333333333, agile=0.2222222222222222}",hive
5ad2ded56df2db045170f1f7,"{java=0.84375, agile=0.8125, jenkins=0.78125, git=0.6875, javascript=0.53125, ansible=0.5, maven=0.5, css=0.375, confluence=0.375, html=0.375}",artifactory
5ad2df326df2db045170f1f8,"{html=0.5512820512820513, javascript=0.5384615384615384, css=0.38461538461538464, java=0.28205128205128205, ajax=0.26282051282051283, sql=0.23717948717948717, agile=0.22435897435897437, jquery=0.22435897435897437, xml=0.19230769230769232, windows=0.14102564102564102}",dom
5ad2df8e6df2db045170f1f9,"{docker=0.6, agile=0.5333333333333333, javascript=0.4666666666666667, ansible=0.43333333333333335, html=0.43333333333333335, java=0.4, jenkins=0.4, linux=0.36666666666666664, aws=0.36666666666666664, git=0.36666666666666664}",openshift
5ad2e0086df2db045170f1fa,"{html=0.7238095238095238, css=0.6761904761904762, javascript=0.6238095238095238, jquery=0.44761904761904764, agile=0.3523809523809524, sql=0.2714285714285714, angular=0.23333333333333334, php=0.22380952380952382, angularjs=0.19523809523809524, c#=0.18095238095238095}",bootstrap
5ad2e08c6df2db045170f1fb,"{python=0.6444444444444445, spark=0.3111111111111111, theano=0.24444444444444444, big data=0.24444444444444444, nosql=0.2222222222222222, c++=0.2222222222222222, caffe=0.2222222222222222, sql=0.2222222222222222, scala=0.2, java=0.17777777777777778}",tensorflow
5ad2e0c16df2db045170f1fc,"{java=0.16666666666666666, javascript=0.16666666666666666, restful=0.16666666666666666, pl sql=0.16666666666666666, oracle=0.16666666666666666, linux=0.16666666666666666, windows=0.16666666666666666, excel=0.16666666666666666, html=0.16666666666666666, jira=0.16666666666666666}",maf
5ad2e13b6df2db045170f1fd,"{java=0.8571428571428571, agile=0.7142857142857143, maven=0.40476190476190477, sql=0.40476190476190477, git=0.40476190476190477, javascript=0.38095238095238093, linux=0.35714285714285715, chef=0.3333333333333333, spring=0.30952380952380953, ansible=0.2857142857142857}",jenkins
5ad2e1b56df2db045170f1fe,"{windows=0.3412698412698413, ios=0.3333333333333333, linux=0.25396825396825395, html=0.19047619047619047, css=0.16666666666666666, c++=0.14285714285714285, java=0.11904761904761904, go=0.11904761904761904, sql=0.11904761904761904, javascript=0.1111111111111111}",macos
5ad2e1fe6df2db045170f1ff,"{python=0.8125, html=0.6875, big data=0.4375, pandas=0.4375, sql=0.4375, tensorflow=0.375, javascript=0.3125, agile=0.3125, theano=0.25, keras=0.25}",scipy
5ad2e25a6df2db045170f200,"{agile=0.7222222222222222, jenkins=0.7222222222222222, html=0.7222222222222222, java=0.6111111111111112, scrum=0.4444444444444444, docker=0.4444444444444444, maven=0.4444444444444444, sql=0.3888888888888889, bitbucket=0.3333333333333333, artifactory=0.3333333333333333}",sonarqube
5ad2e2846df2db045170f201,"{css=0.0, stata=0.0, jackrabbit=0.0, theano=0.0, ios=0.0, ajax=0.0, java=0.0, ibm mq=0.0, travis ci=0.0, xml=0.0, XCTest=0.0}",jsoup
5ad2e31c6df2db045170f202,"{windows=0.0962962962962963, go=0.08888888888888889, chef=0.08888888888888889, sql=0.05925925925925926, c=0.05185185185185185, html=0.044444444444444446, agile=0.037037037037037035, tableau=0.02962962962962963, oracle=0.022222222222222223, sql server=0.014814814814814815}",excel
5ad2e3796df2db045170f203,"{python=0.6538461538461539, sql=0.5384615384615384, agile=0.3076923076923077, excel=0.3076923076923077, javascript=0.23076923076923078, aws=0.23076923076923078, html=0.23076923076923078, css=0.19230769230769232, spark=0.19230769230769232, etl=0.19230769230769232}",pandas
5ad2e3fd6df2db045170f204,"{excel=0.3333333333333333, html=0.16666666666666666, go=0.1111111111111111, agile=0.05555555555555555, sql=0.05555555555555555, css=0.037037037037037035, java=0.037037037037037035, nosql=0.037037037037037035, linux=0.037037037037037035, windows=0.037037037037037035}",pivotal
5ad2e46d6df2db045170f205,"{html=0.6595744680851063, javascript=0.574468085106383, css=0.5319148936170213, agile=0.3617021276595745, python=0.2978723404255319, sql=0.2553191489361702, git=0.2553191489361702, java=0.1702127659574468, linux=0.1702127659574468, restful=0.14893617021276595}",php
5ad2e4ca6df2db045170f206,"{big data=0.5333333333333333, python=0.5333333333333333, html=0.5333333333333333, kafka=0.4666666666666667, hive=0.4666666666666667, java=0.3333333333333333, spark=0.3333333333333333, javascript=0.26666666666666666, css=0.2, react=0.2}",yarn
5ad2e53a6df2db045170f207,"{agile=0.7333333333333333, java=0.5333333333333333, sql=0.4, javascript=0.36666666666666664, scrum=0.3333333333333333, git=0.3333333333333333, jenkins=0.26666666666666666, jira=0.26666666666666666, rest=0.26666666666666666, c#=0.23333333333333334}",cucumber
5ad2e5966df2db045170f208,"{aws=0.9333333333333333, python=0.7333333333333333, javascript=0.6666666666666666, react=0.5333333333333333, java=0.4666666666666667, sql=0.4666666666666667, nosql=0.3333333333333333, agile=0.3333333333333333, docker=0.3333333333333333, azure=0.3333333333333333}",circleci
5ad2e5f26df2db045170f209,"{spark=0.5555555555555556, big data=0.48148148148148145, hive=0.4444444444444444, etl=0.2962962962962963, python=0.25925925925925924, sql=0.25925925925925924, java=0.2222222222222222, nosql=0.18518518518518517, cassandra=0.14814814814814814, kafka=0.14814814814814814}",pig
5ad2e6596df2db045170f20a,"{java=0.8857142857142857, j2ee=0.5714285714285714, sql=0.4857142857142857, websphere=0.45714285714285713, agile=0.42857142857142855, rest=0.37142857142857144, spring=0.34285714285714286, oracle=0.34285714285714286, tomcat=0.34285714285714286, html=0.34285714285714286}",jms
5ad2e6bf6df2db045170f20b,"{javascript=0.8275862068965517, css=0.6896551724137931, html=0.5862068965517241, agile=0.5172413793103449, git=0.4827586206896552, angular=0.3793103448275862, java=0.3448275862068966, react=0.3103448275862069, python=0.2413793103448276, rest=0.2413793103448276}",webpack
5ad2e7116df2db045170f20c,"{linux=0.7058823529411765, c=0.3235294117647059, c++=0.3235294117647059, html=0.3235294117647059, java=0.29411764705882354, perl=0.20588235294117646, git=0.20588235294117646, python=0.17647058823529413, qt=0.11764705882352941, agile=0.11764705882352941}",yocto
5ad2e8066df2db045170f20e,"{css=0.37168141592920356, javascript=0.30973451327433627, agile=0.1415929203539823, php=0.10619469026548672, sql=0.10619469026548672, java=0.08849557522123894, jquery=0.08849557522123894, react=0.07079646017699115, angular=0.07079646017699115, c#=0.061946902654867256}",html
5ad2e8306df2db045170f20f,"{css=1.0, oracle=1.0, react=1.0, postgresql=1.0, ruby=1.0, java=0.6666666666666666, javascript=0.6666666666666666, nosql=0.6666666666666666, confluence=0.6666666666666666, scrum=0.6666666666666666}",orientdb
5ad2e8b46df2db045170f210,"{sql=0.7222222222222222, sql server=0.3148148148148148, oracle=0.2962962962962963, html=0.2222222222222222, agile=0.2037037037037037, big data=0.18518518518518517, tableau=0.18518518518518517, windows=0.12962962962962962, java=0.1111111111111111, excel=0.1111111111111111}",etl
5ad2e8e96df2db045170f211,"{excel=0.14285714285714285, css=0.0, stata=0.0, jackrabbit=0.0, theano=0.0, ios=0.0, ajax=0.0, java=0.0, ibm mq=0.0, travis ci=0.0}",adworks
5ad2e9596df2db045170f212,"{agile=0.6666666666666666, javascript=0.42424242424242425, html=0.42424242424242425, sql=0.3333333333333333, css=0.30303030303030304, java=0.30303030303030304, windows=0.2727272727272727, jquery=0.24242424242424243, c#=0.21212121212121213, linux=0.21212121212121213}",jira
5ad2e9d36df2db045170f213,"{python=0.47368421052631576, c++=0.34210526315789475, java=0.13157894736842105, spark=0.13157894736842105, c=0.13157894736842105, html=0.13157894736842105, c#=0.10526315789473684, go=0.10526315789473684, ip=0.10526315789473684, scala=0.10526315789473684}",matlab
5ad2ea466df2db045170f214,"{java=0.6521739130434783, agile=0.4782608695652174, html=0.45410628019323673, jenkins=0.40096618357487923, javascript=0.3526570048309179, git=0.3526570048309179, sql=0.32367149758454106, spring=0.2898550724637681, css=0.27053140096618356, j2ee=0.21739130434782608}",maven
5ad2eac06df2db045170f215,"{unity=0.2, go=0.13333333333333333, python=0.13333333333333333, unreal engine=0.13333333333333333, css=0.1, c#=0.06666666666666667, c++=0.06666666666666667, chef=0.06666666666666667, ajax=0.03333333333333333, java=0.03333333333333333}",maya
5ad2eb306df2db045170f216,"{css=0.8529411764705882, javascript=0.7352941176470589, html=0.7352941176470589, java=0.6470588235294118, agile=0.5882352941176471, sql=0.47058823529411764, angular=0.29411764705882354, rest=0.29411764705882354, c#=0.2647058823529412, jquery=0.23529411764705882}",angularjs
5ad2eb966df2db045170f217,"{html=0.625, java=0.4166666666666667, javascript=0.4166666666666667, sql=0.4166666666666667, xml=0.375, css=0.3333333333333333, agile=0.3333333333333333, rest=0.2916666666666667, c#=0.25, windows=0.25}",soap
5ad2ec136df2db045170f218,"{linux=0.7878787878787878, windows=0.3939393939393939, python=0.3333333333333333, oracle=0.2727272727272727, sql=0.2727272727272727, websphere=0.24242424242424243, java=0.21212121212121213, ansible=0.21212121212121213, html=0.21212121212121213, agile=0.18181818181818182}",unix
5ad2ec5d6df2db045170f219,"{java=0.5, agile=0.5, node=0.4, python=0.4, css=0.3, c++=0.3, excel=0.3, php=0.3, html=0.3, sql=0.3}",elixir
5ad2ec916df2db045170f21a,"{big data=0.8, python=0.8, kafka=0.8, java=0.6, spark=0.6, yarn=0.6, kaggle=0.4, html=0.4, scala=0.4, c#=0.2}",samza
5ad2ed016df2db045170f21b,"{java=0.75, html=0.5357142857142857, agile=0.42857142857142855, spark=0.35714285714285715, javascript=0.32142857142857145, big data=0.32142857142857145, linux=0.32142857142857145, python=0.32142857142857145, angular=0.2857142857142857, css=0.25}",scala
5ad2ed546df2db045170f21c,"{excel=0.25, html=0.1875, css=0.125, ajax=0.125, agile=0.125, json=0.125, git=0.125, c#=0.0625, javascript=0.0625, c=0.0625}",jade
5ad2ed7e6df2db045170f21d,"{css=0.0, stata=0.0, jackrabbit=0.0, theano=0.0, ios=0.0, ajax=0.0, java=0.0, ibm mq=0.0, travis ci=0.0, xml=0.0, XCTest=0.0}",firebasemessaging
5ad2edda6df2db045170f21e,"{html=0.7722772277227723, css=0.7425742574257426, javascript=0.6683168316831684, agile=0.3118811881188119, sql=0.24257425742574257, php=0.2376237623762376, java=0.21782178217821782, bootstrap=0.2079207920792079, c#=0.18811881188118812, ajax=0.15841584158415842}",jquery
5ad2ee686df2db045170f21f,"{sql server=0.29906542056074764, windows=0.205607476635514, html=0.18691588785046728, javascript=0.16822429906542055, agile=0.1308411214953271, oracle=0.102803738317757, chef=0.102803738317757, css=0.09345794392523364, xml=0.09345794392523364, c#=0.09345794392523364}",sql
5ad2eed96df2db045170f220,"{javascript=0.7796610169491526, css=0.7457627118644068, html=0.7457627118644068, agile=0.327683615819209, git=0.3050847457627119, java=0.24293785310734464, react=0.24293785310734464, sass=0.23728813559322035, php=0.23728813559322035, rest=0.23728813559322035}",grunt
5ad2ef216df2db045170f221,"{c++=0.7307692307692307, qt=0.6538461538461539, agile=0.6153846153846154, linux=0.38461538461538464, qnx=0.3076923076923077, unix=0.2692307692307692, git=0.2692307692307692, html=0.15384615384615385, windows=0.11538461538461539, tcp/ip=0.11538461538461539}",qml
5ad2ef736df2db045170f222,"{c=0.18181818181818182, go=0.18181818181818182, html=0.13636363636363635, ios=0.09090909090909091, jsf=0.09090909090909091, linux=0.09090909090909091, windows=0.09090909090909091, vpn=0.09090909090909091, python=0.09090909090909091, php=0.09090909090909091}",rust
5ad2f0026df2db045170f223,"{c#=0.45, c++=0.25, ios=0.225, java=0.175, agile=0.15, html=0.125, javascript=0.1, git=0.1, css=0.075, c=0.075}",unity
5ad2f05e6df2db045170f224,"{javascript=0.8947368421052632, agile=0.7894736842105263, css=0.631578947368421, html=0.631578947368421, sql=0.631578947368421, java=0.47368421052631576, windows=0.47368421052631576, sql server=0.42105263157894735, c#=0.3684210526315789, react=0.3684210526315789}",git
5ad2f0d86df2db045170f225,"{java=0.84, sql=0.76, python=0.68, agile=0.56, linux=0.52, javascript=0.44, aws=0.44, oracle=0.4, postgres=0.28, windows=0.28}",postgresql
5ad2f13e6df2db045170f226,"{java=0.85, spring=0.6, agile=0.43, html=0.415, rest=0.4, javascript=0.39, sql=0.355, css=0.315, jenkins=0.31, hibernate=0.3}",jpa
5ad2f19b6df2db045170f227,"{agile=1.0, java=0.8823529411764706, javascript=0.8235294117647058, html=0.7647058823529411, css=0.7058823529411765, react=0.5882352941176471, sql=0.5294117647058824, rest=0.5294117647058824, nosql=0.47058823529411764, angularjs=0.47058823529411764}",mongodb
5ad2f20b6df2db045170f228,"{dns=0.975, windows=0.875, tcp/ip=0.325, linux=0.3, ip=0.25, sql=0.25, vpn=0.175, html=0.15, go=0.125, azure=0.125}",dhcp
5ad2f2676df2db045170f229,"{html=0.35, javascript=0.3, java=0.25, agile=0.25, restful=0.25, spring=0.2, sql=0.2, ajax=0.15, excel=0.15, jquery=0.15}",rest
5ad2f29d6df2db045170f22a,"{windows=0.5714285714285714, c++=0.5714285714285714, unreal engine=0.5714285714285714, visual studio=0.2857142857142857, perforce=0.14285714285714285, jira=0.14285714285714285, unix=0.14285714285714285, ruby=0.14285714285714285, css=0.0, stata=0.0}",steamworks
5ad2f32b6df2db045170f22b,"{excel=0.18110236220472442, html=0.03937007874015748, javascript=0.031496062992125984, go=0.031496062992125984, windows=0.023622047244094488, css=0.015748031496062992, java=0.015748031496062992, agile=0.015748031496062992, c=0.015748031496062992, linux=0.015748031496062992}",chef
5ad2f3556df2db045170f22c,"{css=0.0, stata=0.0, jackrabbit=0.0, theano=0.0, ios=0.0, ajax=0.0, java=0.0, ibm mq=0.0, travis ci=0.0, xml=0.0, XCTest=0.0}",jeria
5ad2f3a86df2db045170f22d,"{html=0.8461538461538461, c#=0.6153846153846154, c++=0.6153846153846154, sql=0.6153846153846154, excel=0.46153846153846156, java=0.38461538461538464, windows=0.38461538461538464, agile=0.3076923076923077, go=0.3076923076923077, wpf=0.23076923076923078}",mfc
5ad2f46a6df2db045170f22f,"{linux=0.9047619047619048, ansible=0.5238095238095238, agile=0.42857142857142855, python=0.42857142857142855, jenkins=0.42857142857142855, docker=0.38095238095238093, windows=0.38095238095238093, aws=0.38095238095238093, chef=0.38095238095238093, java=0.3333333333333333}",puppet
5ad2f4e46df2db045170f230,"{excel=0.4523809523809524, sql=0.42857142857142855, html=0.21428571428571427, oracle=0.16666666666666666, big data=0.14285714285714285, python=0.14285714285714285, sql server=0.14285714285714285, etl=0.11904761904761904, css=0.09523809523809523, java=0.09523809523809523}",tableau
5ad2f52d6df2db045170f231,"{html=0.5909090909090909, linux=0.5454545454545454, python=0.5, puppet=0.4090909090909091, aws=0.36363636363636365, ansible=0.3181818181818182, c++=0.3181818181818182, docker=0.2727272727272727, go=0.2727272727272727, sql=0.2727272727272727}",ceph
5ad2f5896df2db045170f232,"{sql=0.6, agile=0.55, git=0.55, linux=0.5, php=0.5, html=0.45, javascript=0.4, css=0.35, java=0.35, windows=0.35}",subversion
5ad2f5e56df2db045170f233,"{agile=0.7971014492753623, html=0.24154589371980675, java=0.18840579710144928, jira=0.15942028985507245, css=0.15458937198067632, javascript=0.15458937198067632, sql=0.14009661835748793, kanban=0.11594202898550725, excel=0.10628019323671498, node=0.09178743961352658}",scrum
5ad2f6426df2db045170f234,"{java=0.8305084745762712, html=0.559322033898305, spring=0.4971751412429379, javascript=0.4745762711864407, j2ee=0.4745762711864407, xml=0.4067796610169492, jsp=0.384180790960452, css=0.3559322033898305, sql=0.3559322033898305, agile=0.327683615819209}",servlets
5ad2f6a86df2db045170f235,"{python=1.0, c++=0.7368421052631579, java=0.42105263157894735, c=0.3684210526315789, maya=0.3157894736842105, linux=0.2631578947368421, windows=0.2631578947368421, c#=0.21052631578947367, html=0.21052631578947367, scala=0.21052631578947367}",lua
5ad2f6fa6df2db045170f236,"{linux=0.8888888888888888, windows=0.5555555555555556, c=0.5, excel=0.5, python=0.4444444444444444, html=0.3888888888888889, java=0.3333333333333333, git=0.2777777777777778, xml=0.2222222222222222, agile=0.2222222222222222}",qnx
5ad2f7426df2db045170f237,"{javascript=0.875, html=0.625, css=0.5, react=0.5, php=0.4375, sql=0.375, python=0.3125, angular=0.3125, bootstrap=0.3125, angularjs=0.3125}",vuejs
5ad2f7a86df2db045170f238,"{java=0.9545454545454546, xml=0.9545454545454546, sql=0.6818181818181818, javascript=0.5909090909090909, html=0.5454545454545454, json=0.5, rest=0.4090909090909091, agile=0.36363636363636365, sql server=0.36363636363636365, css=0.3181818181818182}",xslt
5ad2f8056df2db045170f239,"{azure=0.45161290322580644, linux=0.3225806451612903, java=0.25806451612903225, windows=0.25806451612903225, python=0.22580645161290322, css=0.1935483870967742, javascript=0.1935483870967742, ansible=0.1935483870967742, html=0.1935483870967742, sql=0.1935483870967742}",aws
5ad2f8586df2db045170f23a,"{python=0.859375, tensorflow=0.359375, html=0.34375, java=0.328125, sql=0.328125, scala=0.296875, big data=0.265625, javascript=0.234375, pandas=0.234375, nosql=0.21875, agile=0.21875}",scikit
5ad2f8a06df2db045170f23b,"{c++=0.625, tensorflow=0.4375, python=0.375, c#=0.3125, big data=0.25, caffe=0.25, java=0.1875, qt=0.1875, linux=0.1875, azure=0.1875}",opencv
5ad3938e6df2424b9fbe1589,"{python=0.575, big data=0.325, java=0.3, tensorflow=0.3, keras=0.175, c++=0.175, theano=0.15, javascript=0.15, nltk=0.15, html=0.125}",natural language processing
5ad39c0b6df24604484aa5b3,"{sql=0.9375, etl=0.375, html=0.2916666666666667, oracle=0.2708333333333333, agile=0.25, windows=0.20833333333333334, javascript=0.16666666666666666, c#=0.14583333333333334, excel=0.14583333333333334, python=0.125}",sql server
5ad39c676df24604484aa5b4,"{java=0.39473684210526316, ios=0.3684210526315789, agile=0.3684210526315789, c=0.3684210526315789, objective-c=0.34210526315789475, javascript=0.2894736842105263, c++=0.2631578947368421, swift=0.23684210526315788, html=0.21052631578947367, windows=0.15789473684210525, sql=0.15789473684210525}",objective c
5ad39caf6df24604484aa5b5,"{html=0.9285714285714286, css=0.5714285714285714, sql=0.5714285714285714, javascript=0.5, jquery=0.42857142857142855, java=0.35714285714285715, php=0.35714285714285715, linux=0.2857142857142857, python=0.2857142857142857, c#=0.21428571428571427, agile=0.21428571428571427}",chart js
5ad39d166df24604484aa5b6,"{windows=0.3829787234042553, ip=0.23404255319148937, linux=0.19148936170212766, html=0.19148936170212766, python=0.1702127659574468, dns=0.1702127659574468, sql=0.1702127659574468, dhcp=0.1702127659574468, css=0.1276595744680851, vpn=0.10638297872340426}",tcp/ip
5ad39f056df2cf1b67e06483,"{sql=0.7222222222222222, sql server=0.4444444444444444, html=0.3333333333333333, excel=0.2777777777777778, javascript=0.19444444444444445, jquery=0.19444444444444445, c#=0.16666666666666666, oracle=0.16666666666666666, windows=0.16666666666666666, tableau=0.16666666666666666}",crystal reports
5ad39fc86df20fe5322d4954,"{javascript=0.6444444444444445, angular=0.6, css=0.5777777777777777, html=0.5555555555555556, agile=0.4444444444444444, java=0.37777777777777777, angularjs=0.37777777777777777, sql=0.3333333333333333, react=0.3111111111111111, jquery=0.2222222222222222, rest=0.2}",angular js
5ad39ffc6df20fe5322d4955,"{css=0.0, stata=0.0, jackrabbit=0.0, theano=0.0, ios=0.0, ajax=0.0, java=0.0, ibm mq=0.0, travis ci=0.0, xml=0.0, c#=0.0}",google protocol buffers
5ad3a06c6df20fe5322d4956,"{c#=0.4375, sql=0.375, agile=0.3541666666666667, javascript=0.3125, html=0.2708333333333333, css=0.25, java=0.25, sql server=0.22916666666666666, windows=0.1875, scrum=0.16666666666666666}",visual studio
5ad3a0c96df20fe5322d4957,"{java=0.4666666666666667, ios=0.4, agile=0.4, html=0.3333333333333333, c#=0.3, css=0.26666666666666666, javascript=0.26666666666666666, swift=0.26666666666666666, sql=0.26666666666666666, objective-c=0.23333333333333334}",android studio
5ad3a1396df20fe5322d4958,"{big data=0.6444444444444445, java=0.5111111111111111, agile=0.35555555555555557, kafka=0.28888888888888886, hive=0.28888888888888886, scala=0.24444444444444444, nosql=0.2222222222222222, python=0.2222222222222222, html=0.2222222222222222, pig=0.17777777777777778, etl=0.17777777777777778}",apache spark
5ad3d6176df22052d13a490d,"{css=0.0, stata=0.0, jackrabbit=0.0, theano=0.0, ios=0.0, ajax=0.0, java=0.0, ibm mq=0.0, travis ci=0.0, xml=0.0, c#=0.0}",d3 js
5ad3d6c66df22052d13a490e,"{html=0.5416666666666666, javascript=0.375, sql=0.3333333333333333, css=0.2916666666666667, agile=0.2916666666666667, java=0.25, angular=0.25, c#=0.20833333333333334, spring=0.20833333333333334, j2ee=0.16666666666666666, jquery=0.16666666666666666}",web/dbs
5ad3d6fa6df22052d13a490f,"{c=0.375, linux=0.375, agile=0.25, c++=0.25, python=0.25, ip=0.25, tcp/ip=0.25, jira=0.25, css=0.125, restful=0.125}",netconf/yang
5ad3d7886df22052d13a4910,"{pl sql=0.7087378640776699, oracle=0.7087378640776699, sql=0.6650485436893204, html=0.4563106796116505, java=0.3446601941747573, javascript=0.33495145631067963, css=0.21844660194174756, agile=0.1941747572815534, unix=0.17475728155339806, j2ee=0.1650485436893204, etl=0.15048543689320387}",pl-sql
5ad2a1fd160347c29e7e8668,"{java=0.5, python=0.4642857142857143, sql=0.39285714285714285, agile=0.35714285714285715, linux=0.35714285714285715, c#=0.32142857142857145, c=0.25, windows=0.25, html=0.25, javascript=0.17857142857142858}",c++
5ad2ad32160327999584e00c,"{agile=0.40641711229946526, javascript=0.3850267379679144, html=0.3850267379679144, spring=0.36363636363636365, sql=0.32620320855614976, css=0.2620320855614973, rest=0.21390374331550802, j2ee=0.20855614973262032, git=0.19786096256684493, jquery=0.18716577540106952}",java
5ad2adaf160327999584e00d,"{java=0.9767441860465116, agile=0.5348837209302325, spring=0.5348837209302325, html=0.5116279069767442, sql=0.4186046511627907, javascript=0.3488372093023256, rest=0.3023255813953488, css=0.2558139534883721, soap=0.2558139534883721, oracle=0.23255813953488372}",j2ee
5ad2b3ea1603adbd902a775e,"{html=0.8669950738916257, javascript=0.7142857142857143, jquery=0.3054187192118227, agile=0.27586206896551724, php=0.2660098522167488, react=0.17733990147783252, git=0.1724137931034483, bootstrap=0.1625615763546798, angular=0.14285714285714285, java=0.13793103448275862}",css
5ad2b7a416030c57878cc0a8,"{excel=0.4878048780487805, html=0.2926829268292683, go=0.14634146341463414, oracle=0.0975609756097561, sql=0.0975609756097561, javascript=0.04878048780487805, big data=0.04878048780487805, json=0.04878048780487805, hive=0.04878048780487805, pig=0.04878048780487805}",stata
5ad2b7ce16030c57878cc0a9,"{agile=1.0, javascript=0.75, hibernate=0.75, spring=0.75, oracle=0.75, j2ee=0.75, jira=0.75, maven=0.75, soap=0.75, jquery=0.75}",jackrabbit
5ad2b83516030c57878cc0aa,"{tensorflow=0.8378378378378378, python=0.6756756756756757, caffe=0.3783783783783784, keras=0.35135135135135137, java=0.2972972972972973, html=0.2972972972972973, sql=0.2702702702702703, mxnet=0.21621621621621623, nosql=0.21621621621621623, big data=0.1891891891891892}",theano
5ad2b8b916030c57878cc0ab,"{agile=0.33658536585365856, java=0.2975609756097561, javascript=0.25853658536585367, swift=0.25853658536585367, html=0.24878048780487805, objective-c=0.22439024390243903, css=0.1902439024390244, restful=0.18048780487804877, rest=0.17073170731707318, c=0.13658536585365855}",ios
5ad2b92916030c57878cc0ac,"{html=0.3972602739726027, javascript=0.3470319634703196, css=0.2876712328767123, jquery=0.2054794520547945, sql=0.2054794520547945, agile=0.1598173515981735, java=0.1278538812785388, json=0.1187214611872146, php=0.1141552511415525, c#=0.1095890410958904}",ajax
5ad2ba0a16030c57878cc0ad,"{websphere=0.45, java=0.4, linux=0.3, xml=0.225, jms=0.225, rest=0.225, soap=0.175, unix=0.175, windows=0.15, j2ee=0.15}",ibm mq
5ad2ba5316030c57878cc0ae,"{agile=0.6923076923076923, jenkins=0.6153846153846154, docker=0.5384615384615384, linux=0.5384615384615384, git=0.5384615384615384, css=0.46153846153846156, python=0.46153846153846156, aws=0.38461538461538464, html=0.38461538461538464, chef=0.38461538461538464}",travis ci
5ad2bac316030c57878cc0af,"{html=0.8319327731092437, sql=0.7647058823529411, java=0.6218487394957983, javascript=0.5798319327731093, css=0.48739495798319327, c#=0.44537815126050423, windows=0.35294117647058826, agile=0.3445378151260504, json=0.3277310924369748, jquery=0.2773109243697479}",xml
5ad2bcf516035e72eadf3ec3,"{c++=0.4857142857142857, linux=0.3357142857142857, agile=0.30714285714285716, windows=0.2785714285714286, html=0.24285714285714285, python=0.2, c#=0.18571428571428572, git=0.15714285714285714, c=0.15, javascript=0.1357142857142857}",qt
5ad2bd5b16035e72eadf3ec4,"{c++=0.525, html=0.4875, windows=0.2625, c#=0.2375, javascript=0.2125, linux=0.2125, chef=0.2, agile=0.1875, java=0.1625, visual studio=0.15}",stl
5ad2bdb716035e72eadf3ec5,"{tensorflow=0.76, python=0.72, caffe=0.56, html=0.44, big data=0.36, java=0.32, azure=0.32, scala=0.32, theano=0.28, c=0.2}",mxnet
5ad2be2816035e72eadf3ec6,"{css=0.66, html=0.66, agile=0.31, jquery=0.29, php=0.27, react=0.23, angular=0.22, sql=0.2, ajax=0.18, java=0.175}",javascript
5ad2bea216035e72eadf3ec7,"{ios=0.46511627906976744, swift=0.26744186046511625, objective-c=0.2558139534883721, agile=0.20930232558139536, core data=0.19767441860465115, restful=0.1744186046511628, cocoa touch=0.1511627906976744, core animation=0.11627906976744186, java=0.10465116279069768, subversion=0.10465116279069768}",cocoa
5ad2bf1c16035e72eadf3ec8,"{sql=0.4803921568627451, java=0.43137254901960786, agile=0.4166666666666667, javascript=0.38235294117647056, python=0.3431372549019608, html=0.29901960784313725, aws=0.21568627450980393, big data=0.20098039215686275, css=0.19117647058823528, docker=0.1715686274509804}",nosql
5ad2bf9716035e72eadf3ec9,"{javascript=0.5804878048780487, html=0.48292682926829267, css=0.4146341463414634, agile=0.375609756097561, react=0.35121951219512193, java=0.2682926829268293, angular=0.23902439024390243, rest=0.22439024390243903, aws=0.2146341463414634, python=0.2146341463414634}",node
5ad2bffd16035e72eadf3eca,"{nosql=0.4467005076142132, agile=0.41624365482233505, java=0.40609137055837563, big data=0.38578680203045684, mongodb=0.3350253807106599, kafka=0.30456852791878175, python=0.29441624365482233, sql=0.27411167512690354, aws=0.24873096446700507, docker=0.2182741116751269}",cassandra
5ad2c04616035e72eadf3ecb,"{cocoa=0.9523809523809523, ios=0.9047619047619048, objective-c=0.6190476190476191, agile=0.5238095238095238, restful=0.5238095238095238, swift=0.5238095238095238, core data=0.47619047619047616, java=0.3333333333333333, core animation=0.3333333333333333, subversion=0.3333333333333333}",cocoa touch
5ad2c0c016035e72eadf3ecc,"{html=0.13679245283018868, excel=0.09905660377358491, c++=0.08018867924528301, javascript=0.0660377358490566, go=0.0660377358490566, agile=0.06132075471698113, linux=0.06132075471698113, python=0.05660377358490566, windows=0.05188679245283019, css=0.04716981132075472}",boost
5ad2c13a16035e72eadf3ecd,"{scrum=0.45, html=0.2409090909090909, javascript=0.17272727272727273, jira=0.17272727272727273, go=0.15454545454545454, excel=0.13636363636363635, css=0.1318181818181818, java=0.12272727272727273, kanban=0.1, waterfall=0.09545454545454546}",agile
5ad2c1cc16035e72eadf3ecf,"{java=0.8245614035087719, html=0.5701754385964912, javascript=0.5175438596491229, css=0.43859649122807015, j2ee=0.40350877192982454, agile=0.34210526315789475, hibernate=0.3333333333333333, sql=0.3333333333333333, oracle=0.3157894736842105, spring=0.2894736842105263}",jsf
5ad2c1f616035e72eadf3ed0,"{css=0.0, stata=0.0, jackrabbit=0.0, theano=0.0, ios=0.0, ajax=0.0, java=0.0, ibm mq=0.0, travis ci=0.0, xml=0.0, c#=0.0}",datasynapse
5ad2c28516035e72eadf3ed1,"{java=0.4657534246575342, html=0.3242009132420091, sql=0.2968036529680365, j2ee=0.2694063926940639, unix=0.2511415525114155, oracle=0.228310502283105, agile=0.2237442922374429, linux=0.2054794520547945, windows=0.2009132420091324, javascript=0.1917808219178082}",websphere
5ad2c2ff16035e72eadf3ed2,"{sql=0.4583333333333333, agile=0.39814814814814814, html=0.375, c#=0.3472222222222222, javascript=0.32407407407407407, css=0.2916666666666667, sql server=0.24074074074074073, visual studio=0.21296296296296297, jquery=0.2037037037037037, windows=0.18518518518518517}",tfs
5ad2c36f16035e72eadf3ed3,"{agile=0.46078431372549017, html=0.45098039215686275, javascript=0.4264705882352941, java=0.39215686274509803, sql=0.3088235294117647, css=0.2549019607843137, c#=0.18137254901960784, json=0.1568627450980392, python=0.1568627450980392, linux=0.15196078431372548}",restful
5ad2c3ea16035e72eadf3ed4,"{java=0.7524271844660194, html=0.5776699029126213, javascript=0.5436893203883495, spring=0.36893203883495146, agile=0.3446601941747573, xml=0.33495145631067963, j2ee=0.3106796116504854, sql=0.30097087378640774, css=0.27184466019417475, oracle=0.2524271844660194}",jsp
5ad2c44616035e72eadf3ed5,"{excel=0.2608695652173913, html=0.17391304347826086, sql=0.17391304347826086, rest=0.17391304347826086, go=0.13043478260869565, css=0.08695652173913043, ios=0.043478260869565216, ajax=0.043478260869565216, javascript=0.043478260869565216, agile=0.043478260869565216}",bcg
5ad2c4ac16035e72eadf3ed6,"{aws=0.5454545454545454, sql=0.25, java=0.22727272727272727, javascript=0.22727272727272727, agile=0.22727272727272727, html=0.22727272727272727, ansible=0.20454545454545456, python=0.20454545454545456, chef=0.20454545454545456, linux=0.18181818181818182}",amazon web services
5ad2c51d16035e72eadf3ed7,"{java=0.8625592417061612, spring=0.6445497630331753, html=0.4265402843601896, agile=0.4218009478672986, javascript=0.4075829383886256, sql=0.33649289099526064, css=0.2796208530805687, j2ee=0.24644549763033174, rest=0.22274881516587677, maven=0.20853080568720378}",hibernate
5ad2c56f16035e72eadf3ed8,"{jenkins=0.8695652173913043, html=0.6521739130434783, sql=0.5652173913043478, java=0.43478260869565216, agile=0.43478260869565216, python=0.43478260869565216, javascript=0.34782608695652173, maven=0.34782608695652173, git=0.30434782608695654, nosql=0.2608695652173913}",urbancode
5ad2c5e016035e72eadf3ed9,"{sql=0.4931506849315068, javascript=0.4383561643835616, python=0.4246575342465753, java=0.3561643835616438, html=0.3561643835616438, nosql=0.2876712328767123, agile=0.2602739726027397, rest=0.2465753424657534, css=0.2191780821917808, aws=0.1917808219178082}",d3
5ad2c65a16035e72eadf3eda,"{agile=0.38349514563106796, java=0.36893203883495146, linux=0.36893203883495146, python=0.34951456310679613, jenkins=0.30097087378640774, puppet=0.2961165048543689, aws=0.2912621359223301, chef=0.2912621359223301, docker=0.25728155339805825, html=0.23300970873786409}",ansible
5ad2c6ca16035e72eadf3edb,"{java=0.5636363636363636, xml=0.5575757575757576, soap=0.5272727272727272, html=0.4, sql=0.3515151515151515, xsd=0.3393939393939394, javascript=0.3212121212121212, rest=0.3090909090909091, agile=0.2727272727272727, j2ee=0.2606060606060606}",wsdl
5ad2c73b16035e72eadf3edc,{},spark
5ad2c7bf16035e72eadf3edd,"{agile=0.6504424778761062, html=0.2610619469026549, jira=0.17256637168141592, sql=0.168141592920354, javascript=0.1504424778761062, excel=0.1504424778761062, java=0.14601769911504425, scrum=0.11061946902654868, go=0.10619469026548672, css=0.09292035398230089}",waterfall
5ad2c81c16035e72eadf3ede,"{python=0.6875, tensorflow=0.625, keras=0.40625, linux=0.3125, html=0.3125, sql=0.3125, nosql=0.28125, scala=0.28125, theano=0.25, javascript=0.21875}",pytorch
5ad2c88c16035e72eadf3edf,"{html=0.3925233644859813, javascript=0.2897196261682243, css=0.205607476635514, angular=0.16822429906542055, jquery=0.14953271028037382, excel=0.14485981308411214, agile=0.1261682242990654, java=0.11214953271028037, react=0.11214953271028037, sql=0.102803738317757}",backbone
5ad2c8e816035e72eadf3ee0,"{java=0.8625, j2ee=0.525, html=0.4375, spring=0.40625, javascript=0.39375, sql=0.3375, struts=0.31875, oracle=0.3, xml=0.28125, hibernate=0.275}",ejb
5ad2c96d16035e72eadf3ee1,"{agile=0.5, python=0.4226190476190476, html=0.39285714285714285, sql=0.3392857142857143, git=0.3273809523809524, java=0.2857142857142857, linux=0.2857142857142857, perl=0.2619047619047619, c#=0.24404761904761904, c++=0.23214285714285715}",perforce
5ad2c9dd16035e72eadf3ee2,"{sql=0.3879781420765027, agile=0.3442622950819672, python=0.3442622950819672, java=0.32786885245901637, html=0.30601092896174864, linux=0.2896174863387978, css=0.2786885245901639, javascript=0.2786885245901639, aws=0.2677595628415301, oracle=0.22404371584699453}",postgres
5ad2ca5716035e72eadf3ee3,"{html=0.3409090909090909, sql=0.2727272727272727, java=0.25, agile=0.20454545454545456, python=0.20454545454545456, javascript=0.18181818181818182, excel=0.13636363636363635, nosql=0.11363636363636363, go=0.11363636363636363, xml=0.09090909090909091, css=0.06818181818181818}",core data
5ad2cab416035e72eadf3ee4,"{html=0.3105263157894737, linux=0.2789473684210526, java=0.23157894736842105, c++=0.23157894736842105, javascript=0.20526315789473684, agile=0.19473684210526315, python=0.19473684210526315, c#=0.15263157894736842, windows=0.12631578947368421, css=0.11052631578947368}",c
5ad2cafc16035e72eadf3ee5,"{c#=0.4, c++=0.4, python=0.3, maya=0.3, c=0.2, go=0.2, ip=0.2, ruby=0.2, css=0.1, qt=0.1}",maxscript
5ad2ce1f1603dd47f54d3d35,"{docker=0.9230769230769231, java=0.6153846153846154, linux=0.6153846153846154, python=0.6153846153846154, agile=0.38461538461538464, aws=0.38461538461538464, ansible=0.34615384615384615, html=0.3076923076923077, javascript=0.2692307692307692, nosql=0.23076923076923078}",docker swarm
5ad2ce851603dd47f54d3d36,"{html=0.3695652173913043, excel=0.2391304347826087, css=0.21739130434782608, go=0.13043478260869565, javascript=0.10869565217391304, agile=0.10869565217391304, jsp=0.043478260869565216, json=0.043478260869565216, windows=0.043478260869565216, bootstrap=0.043478260869565216, jira=0.043478260869565216}",adobe audience
5ad2da6216031b4e514bfae9,"{css=0.0, stata=0.0, jackrabbit=0.0, theano=0.0, ios=0.0, ajax=0.0, java=0.0, ibm mq=0.0, travis ci=0.0, xml=0.0, c#=0.0}",node js
5ad2ecee1603d1216be428ba,"{java=0.75, jenkins=0.43617021276595747, agile=0.4308510638297872, html=0.4308510638297872, spring=0.4095744680851064, maven=0.40425531914893614, git=0.3882978723404255, javascript=0.34574468085106386, junit=0.30319148936170215, rest=0.2925531914893617}",gradle
5ad2ed361603d1216be428bb,"{java=0.5806451612903226, nosql=0.5483870967741935, html=0.45161290322580644, docker=0.41935483870967744, sql=0.41935483870967744, agile=0.3225806451612903, css=0.2903225806451613, cassandra=0.2903225806451613, javascript=0.25806451612903225, aws=0.25806451612903225}",neo4j
5ad2edb01603d1216be428bc,"{html=0.33098591549295775, sql=0.28169014084507044, java=0.23943661971830985, unix=0.22535211267605634, windows=0.21830985915492956, agile=0.18309859154929578, c#=0.14084507042253522, oracle=0.11971830985915492, javascript=0.09859154929577464, j2ee=0.09859154929577464}",cobol
5ad2ee211603d1216be428bd,"{java=0.6046511627906976, spring=0.3488372093023256, xml=0.32558139534883723, agile=0.32558139534883723, html=0.2558139534883721, sql=0.23255813953488372, xslt=0.23255813953488372, oracle=0.20930232558139536, jms=0.20930232558139536, maven=0.20930232558139536}",solace
5ad2eea61603d1216be428be,"{jira=0.6473429951690821, agile=0.4830917874396135, html=0.4106280193236715, java=0.2608695652173913, javascript=0.2560386473429952, sql=0.2028985507246377, jenkins=0.19806763285024154, scrum=0.18840579710144928, git=0.1497584541062802, linux=0.14492753623188406}",confluence
5ad2ef021603d1216be428bf,"{python=0.8095238095238095, corenlp=0.42857142857142855, html=0.38095238095238093, java=0.3333333333333333, tensorflow=0.3333333333333333, css=0.23809523809523808, agile=0.23809523809523808, keras=0.23809523809523808, spacy=0.23809523809523808, javascript=0.19047619047619047}",nltk
5ad2ef731603d1216be428c0,"{maya=0.34210526315789475, html=0.2894736842105263, agile=0.21052631578947367, css=0.18421052631578946, python=0.18421052631578946, c++=0.15789473684210525, ios=0.13157894736842105, javascript=0.13157894736842105, linux=0.10526315789473684, go=0.10526315789473684, core data=0.07894736842105263}",core animation
5ad2f0e61603c8c2b311e8b6,"{agile=0.4512820512820513, html=0.4307692307692308, jira=0.37435897435897436, git=0.358974358974359, java=0.3128205128205128, javascript=0.30256410256410254, jenkins=0.29743589743589743, sql=0.2717948717948718, css=0.2358974358974359, confluence=0.19487179487179487}",bitbucket
5ad2f1591603c8c2b311e8b7,"{excel=0.2727272727272727, html=0.21212121212121213, agile=0.12121212121212122, sql=0.12121212121212122, python=0.09090909090909091, css=0.06060606060606061, java=0.06060606060606061, javascript=0.06060606060606061, go=0.06060606060606061, hive=0.06060606060606061, matlab=0.06060606060606061}",facebook insights
5ad2f1dd1603c8c2b311e8b8,"{java=0.6952380952380952, html=0.38571428571428573, agile=0.32857142857142857, javascript=0.2904761904761905, sql=0.2571428571428571, css=0.22380952380952382, hibernate=0.22380952380952382, rest=0.22380952380952382, j2ee=0.20952380952380953, oracle=0.1761904761904762}",spring
5ad2f2781603c8c2b311e8ba,"{python=0.7906976744186046, tensorflow=0.6976744186046512, java=0.4883720930232558, html=0.4186046511627907, sql=0.3953488372093023, scala=0.37209302325581395, big data=0.32558139534883723, theano=0.3023255813953488, nosql=0.27906976744186046, pytorch=0.2558139534883721}",keras
5ad2f2b61603c8c2b311e8bb,"{python=0.5625, tensorflow=0.5, nltk=0.375, big data=0.3125, html=0.3125, java=0.25, css=0.1875, javascript=0.1875, keras=0.1875, docker=0.1875}",corenlp
5ad2f3271603c8c2b311e8bc,"{hive=0.3404255319148936, sql=0.3191489361702128, java=0.2765957446808511, etl=0.2765957446808511, agile=0.2553191489361702, python=0.2553191489361702, nosql=0.23404255319148937, kafka=0.2127659574468085, pig=0.19148936170212766, scala=0.14893617021276595}",big data
5ad2f3971603c8c2b311e8bd,"{ios=0.5092592592592593, agile=0.2777777777777778, java=0.26851851851851855, objective-c=0.23148148148148148, javascript=0.18518518518518517, css=0.16203703703703703, html=0.16203703703703703, rest=0.14351851851851852, xcode=0.12037037037037036, excel=0.11574074074074074}",swift
5ad2f3f31603c8c2b311e8be,"{html=0.4482758620689655, sql=0.3793103448275862, javascript=0.3103448275862069, linux=0.3103448275862069, unix=0.27586206896551724, css=0.2413793103448276, java=0.2413793103448276, windows=0.2413793103448276, python=0.2413793103448276, etl=0.2413793103448276}",cron
5ad2f46e1603c8c2b311e8bf,"{sql=0.4590909090909091, html=0.37272727272727274, java=0.22727272727272727, javascript=0.17272727272727273, sql server=0.1590909090909091, agile=0.15, pl sql=0.15, windows=0.14545454545454545, unix=0.13636363636363635, excel=0.12727272727272726}",oracle
5ad2f4ca1603c8c2b311e8c0,"{html=0.5454545454545454, python=0.45454545454545453, css=0.4090909090909091, tensorflow=0.3181818181818182, javascript=0.2727272727272727, ajax=0.22727272727272727, java=0.22727272727272727, agile=0.22727272727272727, amazon web services=0.22727272727272727, oracle=0.22727272727272727}",octave
5ad2f4f51603c8c2b311e8c1,"{javascript=0.6666666666666666, go=0.6666666666666666, java=0.3333333333333333, nosql=0.3333333333333333, ansible=0.3333333333333333, big data=0.3333333333333333, swift=0.3333333333333333, docker=0.3333333333333333, linux=0.3333333333333333, c++=0.3333333333333333}",cinder
5ad2f5481603c8c2b311e8c2,"{ios=0.8106060606060606, html=0.5833333333333334, agile=0.44696969696969696, javascript=0.3712121212121212, css=0.3409090909090909, swift=0.3409090909090909, java=0.2727272727272727, objective-c=0.2727272727272727, json=0.21212121212121213, restful=0.19696969696969696}",xcode
5ad2f5c21603c8c2b311e8c3,"{c#=0.6858638743455497, sql=0.4712041884816754, windows=0.36649214659685864, agile=0.3507853403141361, javascript=0.31413612565445026, html=0.3036649214659686, asp.net=0.2879581151832461, sql server=0.2513089005235602, wcf=0.225130890052356, c++=0.2094240837696335}",wpf
5ad2f61e1603c8c2b311e8c4,"{big data=0.4019607843137255, python=0.3431372549019608, sql=0.28431372549019607, excel=0.21568627450980393, java=0.18627450980392157, agile=0.16666666666666666, tableau=0.10784313725490197, nosql=0.0784313725490196, scala=0.0784313725490196, linux=0.06862745098039216, aws=0.06862745098039216}",kaggle
5ad2f67c1603c8c2b311e8c5,"{python=0.7857142857142857, big data=0.7142857142857143, scala=0.7142857142857143, java=0.5714285714285714, agile=0.42857142857142855, sql=0.42857142857142855, kafka=0.35714285714285715, html=0.35714285714285715, linux=0.2857142857142857, azure=0.2857142857142857}",mllib
5ad2f6a71603c8c2b311e8c6,"{css=0.0, stata=0.0, jackrabbit=0.0, theano=0.0, ios=0.0, ajax=0.0, java=0.0, ibm mq=0.0, travis ci=0.0, xml=0.0, c#=0.0}",tika
5ad2f7221603c8c2b311e8c7,"{html=0.40404040404040403, chef=0.12121212121212122, excel=0.06060606060606061, javascript=0.04040404040404041, agile=0.04040404040404041, css=0.03535353535353535, windows=0.03535353535353535, ajax=0.030303030303030304, sql=0.030303030303030304, go=0.025252525252525252}",scoop
5ad2f7881603c8c2b311e8c8,"{xml=0.6792452830188679, java=0.5534591194968553, sql=0.4591194968553459, html=0.42138364779874216, agile=0.36477987421383645, css=0.2830188679245283, oracle=0.2830188679245283, javascript=0.27672955974842767, sql server=0.22641509433962265, j2ee=0.22641509433962265}",xsd
5ad2f7e41603c8c2b311e8c9,"{html=0.3076923076923077, agile=0.19230769230769232, c=0.19230769230769232, go=0.19230769230769232, c#=0.15384615384615385, excel=0.15384615384615385, xml=0.11538461538461539, javascript=0.11538461538461539, oracle=0.11538461538461539, linux=0.11538461538461539, python=0.11538461538461539}",code collaborator
5ad2f84b1603c8c2b311e8ca,"{java=0.7663043478260869, html=0.4673913043478261, xml=0.42391304347826086, javascript=0.375, j2ee=0.358695652173913, oracle=0.3423913043478261, sql=0.33695652173913043, linux=0.30434782608695654, spring=0.28804347826086957, jsp=0.266304347826087}",jdbc
5ad2f8a81603c8c2b311e8cb,"{javascript=0.6111111111111112, html=0.6111111111111112, agile=0.3888888888888889, css=0.3333333333333333, json=0.3333333333333333, rest=0.3333333333333333, ajax=0.2777777777777778, git=0.2777777777777778, react=0.2222222222222222, jquery=0.2222222222222222}",mustache
5ad2f9191603c8c2b311e8cc,"{java=0.39800995024875624, agile=0.39303482587064675, linux=0.39303482587064675, aws=0.31343283582089554, html=0.29850746268656714, python=0.2935323383084577, javascript=0.2835820895522388, jenkins=0.2835820895522388, sql=0.22388059701492538, ansible=0.21393034825870647}",docker
5ad2f9891603c8c2b311e8cd,"{java=0.5507246376811594, websphere=0.33816425120772947, sql=0.30434782608695654, agile=0.28502415458937197, html=0.28019323671497587, oracle=0.2463768115942029, linux=0.2463768115942029, tomcat=0.2463768115942029, j2ee=0.2463768115942029, spring=0.22705314009661837}",jboss
5ad2fa031603c8c2b311e8ce,"{agile=0.3492063492063492, java=0.3333333333333333, html=0.31216931216931215, sql=0.26455026455026454, javascript=0.2328042328042328, xml=0.15873015873015872, j2ee=0.14814814814814814, windows=0.14285714285714285, c++=0.13227513227513227, c#=0.12698412698412698}",uml
5ad2fa7e1603c8c2b311e8cf,"{windows=0.4215686274509804, sql=0.20588235294117646, python=0.18137254901960784, html=0.18137254901960784, unix=0.1715686274509804, dns=0.15196078431372548, java=0.14215686274509803, javascript=0.1323529411764706, ansible=0.12745098039215685, agile=0.11274509803921569}",linux
5ad2fb2c1603c8c2b311e8d1,"{html=0.5517241379310345, java=0.43349753694581283, javascript=0.41379310344827586, sql=0.3891625615763547, agile=0.3793103448275862, css=0.35467980295566504, xml=0.35467980295566504, rest=0.29064039408866993, c#=0.2413793103448276, jquery=0.22660098522167488}",json
5ad2fb571603c8c2b311e8d2,"{css=0.0, stata=0.0, jackrabbit=0.0, theano=0.0, ios=0.0, ajax=0.0, java=0.0, ibm mq=0.0, travis ci=0.0, xml=0.0, c#=0.0}",iginite
5ad2fbd21603c8c2b311e8d3,"{ip=0.3701923076923077, html=0.1971153846153846, linux=0.14423076923076922, dns=0.14423076923076922, windows=0.13942307692307693, tcp/ip=0.1346153846153846, excel=0.11538461538461539, go=0.10576923076923077, sql=0.10096153846153846, vpn=0.09615384615384616}",sip
5ad2fc561603c8c2b311e8d4,"{linux=0.42718446601941745, python=0.4174757281553398, html=0.3106796116504854, java=0.2912621359223301, unix=0.2621359223300971, windows=0.21844660194174756, sql=0.21844660194174756, ansible=0.16990291262135923, agile=0.1553398058252427, c=0.13592233009708737}",perl
5ad2fcd11603c8c2b311e8d5,"{vpn=0.47058823529411764, ip=0.29411764705882354, linux=0.2647058823529412, dns=0.2647058823529412, html=0.2647058823529412, python=0.20588235294117646, agile=0.17647058823529413, windows=0.17647058823529413, ajax=0.14705882352941177, java=0.14705882352941177}",waf
5ad2fd411603c8c2b311e8d6,"{ruby=0.575, agile=0.425, javascript=0.275, css=0.25, html=0.225, sql=0.225, scrum=0.2, react=0.2, python=0.175, java=0.15}",ruby on rails
5ad2fdc61603c8c2b311e8d7,"{java=0.6862745098039216, agile=0.44607843137254904, html=0.4362745098039216, sql=0.36764705882352944, spring=0.3627450980392157, javascript=0.35294117647058826, git=0.2647058823529412, rest=0.25, jenkins=0.23529411764705882, maven=0.2107843137254902}",junit
5ad2fe361603c8c2b311e8d8,"{html=0.46, css=0.34, javascript=0.24, agile=0.18, jquery=0.14, go=0.12, excel=0.12, react=0.08, bootstrap=0.08, chef=0.08}",adobe creative cloud
5ad2fe891603c8c2b311e8d9,"{python=0.19230769230769232, tensorflow=0.19230769230769232, html=0.19230769230769232, git=0.15384615384615385, spark=0.11538461538461539, c=0.11538461538461539, big data=0.11538461538461539, aws=0.11538461538461539, kafka=0.11538461538461539, hive=0.11538461538461539}",h2o
5ad2fee51603c8c2b311e8da,"{sql=0.8260869565217391, sql server=0.6086956521739131, html=0.30434782608695654, linux=0.2608695652173913, c#=0.21739130434782608, agile=0.21739130434782608, windows=0.21739130434782608, excel=0.21739130434782608, oracle=0.17391304347826086, c++=0.17391304347826086}",odbc
5ad2ff4b1603c8c2b311e8db,"{sql=0.76, agile=0.48, big data=0.44, sql server=0.4, oracle=0.32, python=0.32, excel=0.32, etl=0.28, spark=0.2, microstrategy=0.2}",teradata
5ad2ffc61603c8c2b311e8dc,"{excel=0.14893617021276595, html=0.1276595744680851, javascript=0.10638297872340426, agile=0.0851063829787234, jquery=0.0851063829787234, css=0.0425531914893617, java=0.0425531914893617, c#=0.0425531914893617, oracle=0.0425531914893617, react=0.0425531914893617}",go
5ad300361603c8c2b311e8dd,"{sql=0.15602836879432624, agile=0.1347517730496454, excel=0.1276595744680851, linux=0.12056737588652482, chef=0.11347517730496454, java=0.10638297872340426, javascript=0.09929078014184398, ip=0.0851063829787234, html=0.0851063829787234, css=0.06382978723404255}",windows
5ad300741603c8c2b311e8de,"{excel=0.6666666666666666, html=0.5555555555555556, windows=0.4444444444444444, oracle=0.1111111111111111, bootstrap=0.1111111111111111, jquery=0.1111111111111111, tableau=0.1111111111111111, css=0.0, stata=0.0, jackrabbit=0.0}",prolog
5ad300ef1603c8c2b311e8df,"{windows=0.4362745098039216, ip=0.23529411764705882, linux=0.23039215686274508, dns=0.22058823529411764, tcp/ip=0.22058823529411764, dhcp=0.19117647058823528, html=0.15196078431372548, sql=0.13725490196078433, ios=0.08333333333333333, aws=0.0784313725490196}",vpn
5ad391eb160331106521c19b,"{ios=0.8666666666666667, agile=0.6666666666666666, swift=0.6, objective-c=0.6, java=0.4, junit=0.4, hibernate=0.3333333333333333, jquery=0.3333333333333333, sql=0.3333333333333333, rest=0.3333333333333333}",xctest
5ad39ac616030934c992578a,"{nltk=0.8333333333333334, python=0.8333333333333334, html=0.8333333333333334, tensorflow=0.6666666666666666, css=0.5, javascript=0.5, docker=0.5, agile=0.3333333333333333, pytorch=0.3333333333333333, keras=0.3333333333333333}",spacy
5ad3c53f1603e46bf6430689,"{javascript=0.4627659574468085, agile=0.3829787234042553, ruby on rails=0.3617021276595745, python=0.3404255319148936, html=0.324468085106383, css=0.3191489361702128, java=0.2978723404255319, sql=0.25, react=0.19680851063829788, aws=0.1702127659574468}",ruby
5ad3ce111603be414b16f757,"{ios=1.0, xctest=0.8888888888888888, agile=0.7777777777777778, swift=0.7777777777777778, objective-c=0.7777777777777778, junit=0.6666666666666666, java=0.4444444444444444, c#=0.4444444444444444, hibernate=0.4444444444444444, docker=0.4444444444444444}",xcui
5ad416cc6df2aaaf77de4bf0,"{agile=0.5, sql=0.5, java=0.375, javascript=0.2916666666666667, sql server=0.25, html=0.25, visual studio=0.25, css=0.20833333333333334, windows=0.20833333333333334, ajax=0.125}",c#
5ad417136df2aaaf77de4bf1,"{agile=0.45161290322580644, sql=0.41935483870967744, java=0.3870967741935484, ios=0.3225806451612903, windows=0.25806451612903225, swift=0.22580645161290322, css=0.1935483870967742, c++=0.1935483870967742, sql server=0.1935483870967742, html=0.1935483870967742}",objective-c
5ad417716df2aaaf77de4bf2,"{html=1.3548387096774193, javascript=0.4645161290322581, css=0.45806451612903226, sql=0.24516129032258063, agile=0.23225806451612904, jquery=0.23225806451612904, java=0.1870967741935484, c#=0.16774193548387098, json=0.15483870967741936, angular=0.14838709677419354, angularjs=0.14193548387096774}",html5
5ad417af6df2aaaf77de4bf3,"{subversion=0.6944444444444444, sql=0.4166666666666667, java=0.3888888888888889, agile=0.3888888888888889, html=0.3611111111111111, git=0.25, css=0.2222222222222222, javascript=0.2222222222222222, xml=0.19444444444444445, linux=0.19444444444444445, jenkins=0.19444444444444445}",svn
5ad418016df2aaaf77de4bf4,"{oracle=0.64, sql=0.52, java=0.48, html=0.28, javascript=0.24, agile=0.24, j2ee=0.24, spring=0.2, jms=0.16, etl=0.16}",pl sql
5ad4183f6df2aaaf77de4bf5,"{java=0.8333333333333334, j2ee=0.6666666666666666, agile=0.5333333333333333, spring=0.5, javascript=0.4666666666666667, sql=0.4666666666666667, hibernate=0.36666666666666664, jms=0.3, css=0.26666666666666666, xml=0.26666666666666666, tomcat=0.26666666666666666}",jee
5ad418a46df2aaaf77de4bf6,"{sql=0.7857142857142857, sql server=0.5285714285714286, oracle=0.3, html=0.22857142857142856, etl=0.21428571428571427, c#=0.2, javascript=0.18571428571428572, agile=0.18571428571428572, xml=0.17142857142857143, windows=0.17142857142857143}",t-sql
5ad418eb6df2aaaf77de4bf7,"{css=0.0, stata=0.0, jackrabbit=0.0, theano=0.0, ios=0.0, ajax=0.0, fraud management=0.0, java=0.0, ibm mq=0.0, travis ci=0.0, xml=0.0}",asp net
5ad4191e6df2aaaf77de4bf8,"{css=0.0, stata=0.0, jackrabbit=0.0, theano=0.0, ios=0.0, ajax=0.0, java=0.0, ibm mq=0.0, travis ci=0.0, xml=0.0}",fraud management
5ad419b76df2aaaf77de4bfa,"{css=0.0, stata=0.0, jackrabbit=0.0, theano=0.0, ios=0.0, ajax=0.0, fraud management=0.0, java=0.0, ibm mq=0.0, travis ci=0.0, xml=0.0}",vb net
5ad419e16df2aaaf77de4bfb,"{css=0.0, stata=0.0, jackrabbit=0.0, theano=0.0, ios=0.0, ajax=0.0, fraud management=0.0, java=0.0, ibm mq=0.0, travis ci=0.0, xml=0.0}",handlebar
5ad41a326df2aaaf77de4bfc,"{pl sql=0.64, oracle=0.64, sql=0.52, java=0.48, html=0.28, javascript=0.24, agile=0.24, j2ee=0.24, spring=0.2, jms=0.16, etl=0.16}",pl/sql
5ad41a796df2aaaf77de4bfd,"{css=0.0, stata=0.0, jackrabbit=0.0, theano=0.0, ios=0.0, ajax=0.0, fraud management=0.0, java=0.0, ibm mq=0.0, travis ci=0.0, xml=0.0}",c# net
5ad41acb6df2aaaf77de4bfe,"{css=0.0, stata=0.0, jackrabbit=0.0, theano=0.0, ios=0.0, ajax=0.0, fraud management=0.0, java=0.0, ibm mq=0.0, travis ci=0.0, xml=0.0}",java spark
5ad41b3a6df2aaaf77de4bff,"{css=1.0063694267515924, html=0.7579617834394905, javascript=0.6305732484076433, agile=0.36942675159235666, jquery=0.35668789808917195, java=0.31210191082802546, sql=0.2929936305732484, json=0.20382165605095542, angular=0.19745222929936307, bootstrap=0.1910828025477707, rest=0.15286624203821655}",css3
5ad41b966df2aaaf77de4c00,"{maya=0.5833333333333334, unity=0.4166666666666667, python=0.25, rest=0.20833333333333334, c++=0.16666666666666666, c#=0.125, qt=0.08333333333333333, wpf=0.08333333333333333, sql=0.08333333333333333, javascript=0.041666666666666664}",unreal engine
5ad425136df2245eb5e58fd1,"{big data=0.6410256410256411, java=0.4358974358974359, hive=0.3333333333333333, sql=0.3333333333333333, agile=0.3076923076923077, python=0.28205128205128205, etl=0.2564102564102564, kafka=0.20512820512820512, scala=0.20512820512820512, nosql=0.1282051282051282}",hadoop
